Model Name,Accuracy L1,Accuracy L1,MAPE,Number of Sequence Len,Number of RPeaks,Masking block length, scaling_technique
model_500_6_0546_07082025.pth,69.99685,63.842674,1.7685641,500,6,30, minmax_1
model_500_8_0748_07082025.pth,70.775375,63.933605,1.740894,500,8,30, minmax_1
model_500_6_0950_07082025.pth,58.358944,55.08453,2.6777177,500,6,30, StandardScale
model_500_8_1153_07082025.pth,57.23482,54.38978,3.4944956,500,8,30, StandardScale

model_500_6_1657_07082025.pth,70.68827,65.21226,1.8547808,500,6,30,Minmax_05
model_500_8_1859_07082025.pth,69.903145,63.542267,1.8202324,500,8,30,Minmax_05
model_500_6_2129_07082025.pth,69.754486,59.98483,1.8148547,500,6,30,Minmax_05
